Search_Query,Title,Price,Link
pandas,Panda Bear cute funny Vinyl Decal Sticker light switch cover outlet wall art gift present home house decor decoration | Decalsnation, 165,https://www.daraz.com.np/products/panda-bear-cute-funny-vinyl-decal-sticker-light-switch-cover-outlet-wall-art-gift-present-home-house-decor-decoration-decalsnation-i105516123-s1027274739.html?search=1
pandas,"Wall Sticker for Living Room - Panda Playing on Bamboo Tree, Decorative Art Decal (PVC Vinyl, Size - 120X80cm ) For Home Decor", 699,https://www.daraz.com.np/products/wall-sticker-for-living-room-panda-playing-on-bamboo-tree-decorative-art-decal-pvc-vinyl-size-120x80cm-for-home-decor-i113689526-s1030910863.html?search=1
pandas,Pandas Hugs Wall Sticker 90cm(H) x 70cm(W), 999,https://www.daraz.com.np/products/pandas-hugs-wall-sticker-90cmh-x-70cmw-i110038412-s1029790792.html?search=1
pandas,Baby Panda Sleeping on Moon Wall Sticker 65cm(H) x 85cm(W), 474,https://www.daraz.com.np/products/baby-panda-sleeping-on-moon-wall-sticker-65cmh-x-85cmw-i110473862-s1029957263.html?search=1
pandas,Panda Boy on Rainbow and 90 Stars Wall Stickers 60cm(H) x 110cm(W), 474,https://www.daraz.com.np/products/panda-boy-on-rainbow-and-90-stars-wall-stickers-60cmh-x-110cmw-i115623075-s1031606442.html?search=1
pandas,Lovely Cartoon Cat Panda Puppy Animals Removable Washable Self Adhesive Non-Stick Keys Hook Holder Racks Fridge Stickers, 397,https://www.daraz.com.np/products/lovely-cartoon-cat-panda-puppy-animals-removable-washable-self-adhesive-non-stick-keys-hook-holder-racks-fridge-stickers-i118668764-s1032517893.html?search=1
pandas,Baby And Children's Cute Animals Wall Stickers Cartoon Giraffe Panda Bird Money Plants Flowers Wallpaper Decorative Decals DIY Art Mural for Kids Bedroom 90cm(H) x 120cm(W), 997,https://www.daraz.com.np/products/baby-and-childrens-cute-animals-wall-stickers-cartoon-giraffe-panda-bird-money-plants-flowers-wallpaper-decorative-decals-diy-art-mural-for-kids-bedroom-90cmh-x-120cmw-i109736343-s1029726166.html?search=1
pandas,White/Black Panda Doll, 900,https://www.daraz.com.np/products/whiteblack-panda-doll-i107764168-s1029017422.html?search=1
pandas,Dolls Creative Couples Giant Panda Dolls Cute Big Eyes Panda Plush Toys," 1,500",https://www.daraz.com.np/products/dolls-creative-couples-giant-panda-dolls-cute-big-eyes-panda-plush-toys-i112924025-s1030658179.html?search=1
pandas,Ballerina Panda and 70 Hearts Wall Stickers, 499,https://www.daraz.com.np/products/ballerina-panda-and-70-hearts-wall-stickers-i118118282-s1032386026.html?search=1
pandas,Panda Doll 15 Inches Soft & Cuddly Stuffed Toys," 1,050",https://www.daraz.com.np/products/panda-doll-15-inches-soft-cuddly-stuffed-toys-i105886580-s1027799083.html?search=1
pandas,Panda Toy-200Cm," 3,749",https://www.daraz.com.np/products/panda-toy-200cm-i103394026-s1024100791.html?search=1
pandas,Dolls Creative Couples Giant Panda Dolls Cute Big Eyes Panda Plush Toys," 1,500",https://www.daraz.com.np/products/dolls-creative-couples-giant-panda-dolls-cute-big-eyes-panda-plush-toys-i112623568-s1030462922.html?search=1
pandas,Dolls Creative Couples Giant Panda Dolls Cute Big Eyes Panda Plush Toys, 599,https://www.daraz.com.np/products/dolls-creative-couples-giant-panda-dolls-cute-big-eyes-panda-plush-toys-i105821027-s1027650691.html?search=1
pandas,Panda Riding A Bicycle Home Decor/ Wall Sticker/ Laptop/ Fridge/ Car Decals, 149,https://www.daraz.com.np/products/panda-riding-a-bicycle-home-decor-wall-sticker-laptop-fridge-car-decals-i100279-s1022178113.html?search=1
pandas,Funny Panda Quote Wall Decal Sticker, 474,https://www.daraz.com.np/products/funny-panda-quote-wall-decal-sticker-i117652843-s1032259354.html?search=1
pandas,Cute Little Animals Panda On Bamboo Trees Wall Sticker-110*115Cm, 950,https://www.daraz.com.np/products/cute-little-animals-panda-on-bamboo-trees-wall-sticker-110115cm-i100218163-s1020473166.html?search=1
pandas,Dolls Creative Couples Giant Panda Dolls Cute Big Eyes Panda Plush Toys, 555,https://www.daraz.com.np/products/dolls-creative-couples-giant-panda-dolls-cute-big-eyes-panda-plush-toys-i113475786-s1030848119.html?search=1
pandas,The Universe of Pandas Wall Sticker 107cm x 107cm, 854,https://www.daraz.com.np/products/the-universe-of-pandas-wall-sticker-107cm-x-107cm-i110137800-s1029827323.html?search=1
pandas,4 feet Korean Teddy Panda For Everyone," 4,850",https://www.daraz.com.np/products/4-feet-korean-teddy-panda-for-everyone-i113617472-s1030907023.html?search=1
pandas,Blue 50cm Panda Superman," 1,165",https://www.daraz.com.np/products/blue-50cm-panda-superman-i114458541-s1031087116.html?search=1
pandas,White/Black Color Panda Shaped Stuffed Toy 28cm, 425,https://www.daraz.com.np/products/whiteblack-color-panda-shaped-stuffed-toy-28cm-i113330168-s1030806563.html?search=1
pandas,Black/White Color Panda Soft Toy For Kids, 600,https://www.daraz.com.np/products/blackwhite-color-panda-soft-toy-for-kids-i122249319-s1033211661.html?search=1
pandas,Black/White Cute Handmade Panda For Kids Medium," 1,050",https://www.daraz.com.np/products/blackwhite-cute-handmade-panda-for-kids-medium-i122277541-s1033219812.html?search=1
pandas,Black And White Beautiful Panda For Kids And Adults 3.5M," 1,200",https://www.daraz.com.np/products/black-and-white-beautiful-panda-for-kids-and-adults-35m-i122255031-s1033219500.html?search=1
pandas,Lovely Cartoon Cat Panda Puppy Animals Removable Washable Self Adhesive Non-Stick Keys Hook Holder Racks Fridge Stickers, 429,https://www.daraz.com.np/products/lovely-cartoon-cat-panda-puppy-animals-removable-washable-self-adhesive-non-stick-keys-hook-holder-racks-fridge-stickers-i118863952-s1032551927.html?search=1
pandas,Elephant(small), 350,https://www.daraz.com.np/products/elephantsmall-i112307981-s1030381752.html?search=1
pandas,Panda Stuffed Toy - 5.5 Feet," 4,499",https://www.daraz.com.np/products/panda-stuffed-toy-55-feet-i115630822-s1031606846.html?search=1
pandas,Taddy Bear Black Panda Made in China, 999,https://www.daraz.com.np/products/taddy-bear-black-panda-made-in-china-i112776449-s1030567056.html?search=1
pandas,Cute Plush Prince Frog, 850,https://www.daraz.com.np/products/cute-plush-prince-frog-i113881609-s1030977027.html?search=1
pandas,Black/White 40cm Item Mix-4 Panda Doll," 1,221",https://www.daraz.com.np/products/blackwhite-40cm-item-mix-4-panda-doll-i114472129-s1031093023.html?search=1
pandas,Navy Blue/Red 50cm Panda Avenger-4," 1,165",https://www.daraz.com.np/products/navy-bluered-50cm-panda-avenger-4-i114416547-s1031070144.html?search=1
pandas,Panda Soft Stuffed Toy, 385,https://www.daraz.com.np/products/panda-soft-stuffed-toy-i105857997-s1027757480.html?search=1
pandas,White/Black Panda Doll," 1,599",https://www.daraz.com.np/products/whiteblack-panda-doll-i113873032-s1030972046.html?search=1
pandas,Stuffed Panda Toy," 1,199",https://www.daraz.com.np/products/stuffed-panda-toy-i117239138-s1032111348.html?search=1
pandas,Baby Soft & Cuddly Black and White Stuffed Panda Doll Toy for kids," 1,200",https://www.daraz.com.np/products/baby-soft-cuddly-black-and-white-stuffed-panda-doll-toy-for-kids-i120868772-s1032951012.html?search=1
pandas,Elephant(small), 350,https://www.daraz.com.np/products/elephantsmall-i112307980-s1030381751.html?search=1
pandas,Pandas Acrobats in the Stars Wall Stickers 105cm(H) x 135cm(W)," 1,050",https://www.daraz.com.np/products/pandas-acrobats-in-the-stars-wall-stickers-105cmh-x-135cmw-i109960622-s1029770738.html?search=1
pandas,Moon Swing and 130 Stars Panda Wall Stickers 70cm(H) x 95cm(W), 499,https://www.daraz.com.np/products/moon-swing-and-130-stars-panda-wall-stickers-70cmh-x-95cmw-i109947952-s1029767951.html?search=1
pandas,Black/white Soft 110 Cm Tall Panda Bear," 2,375",https://www.daraz.com.np/products/blackwhite-soft-110-cm-tall-panda-bear-i105028722-s1026630413.html?search=1
